"Código Liquidação";"Código Liquidação Resumido";"Data Emissão";"Código Tipo Documento";"Tipo Documento";"Código Órgão Superior";"Órgão Superior";"Código Órgão";"Órgão";"Código Unidade Gestora";"Unidade Gestora";"Código Gestão";"Gestão";"Código Favorecido";"Favorecido";"Observação";"Código Categoria de Despesa";"Categoria de Despesa";"Código Grupo de Despesa";"Grupo de Despesa";"Código Modalidade de Aplicação";"Modalidade de Aplicação";"Código Elemento de Despesa";"Elemento de Despesa";"Código Plano Orçamentário";"Plano Orçamentário";"Código Programa Governo";"Nome Programa Governo"
"275060272082025NS000356";"2025NS000356";"01/01/2025";"NS";"Nota de Lançamento de Sistema";"56000";"Ministério das Cidades";"29205";"Empresa de Trens Urbanos de Porto Alegre";"275060";"EMPRESA DE TRENS URBANOS DE PORTO ALEGRE S/A";"27208";"EMPRESA DE TRENS URBANOS DE PORTO ALEGRE S/A";"00360305000104";"CAIXA ECONOMICA FEDERAL";"PAGAMENTO REFERENTE PRINCIPAL?PROCESSO:  Nº 0020460-76.2022.5.04.0009 ? 09ª VT DE PORTO ALEGRE/RS?RECLAMANTES: JOAO BATISTA OLIVEIRA SURDO?CIGEJUR0002/2025";"3";"DESPESAS CORRENTES";"1";"Pessoal e Encargos Sociais";"90";"Aplicações Diretas";"91";"Sentenças Judiciais";"0001";"SENTENCAS JUDICIAIS DE EMPRESAS ESTATAIS DEPENDENTES";"00";"Sem informação"
"153293152292025NS000006";"2025NS000006";"01/01/2025";"NS";"Nota de Lançamento de Sistema";"26000";"Ministério da Educação";"26238";"Universidade Federal de Minas Gerais";"153293";"INSTITUTO DE GEO-CIENCIAS/UFMG";"15229";"UNIVERSIDADE FEDERAL DE MINAS GERAIS";"06981180000116";"CEMIG DISTRIBUICAO S.A";"PGTO DO(S) INSTR.(S) DE COBRANCA(S) NUM.(S): 207997581, CONTRATO Nº: 00118/2017 - 06.981.180/0001-16 - CEMIG DISTRIBUICAO S.A, PROC.(S) NUM.(S): 23072.022815/2017-58, DO(S) FORNECIMENTO(S)/SERVICO(S) PRESTADO(S) AO(S) MES(ES): 11/2024.";"3";"DESPESAS CORRENTES";"3";"Outras Despesas Correntes";"90";"Aplicações Diretas";"MU";"Múltiplo";"0000";"FUNCIONAMENTO DE INSTITUICOES FEDERAIS DE ENSINO SUPERIOR - DESPESAS DIVERSAS";"00";"Sem informação"
"154034152552025NS000073";"2025NS000073";"01/01/2025";"NS";"Nota de Lançamento de Sistema";"26000";"Ministério da Educação";"26269";"Universidade Federal do Estado do Rio de Jane";"154034";"UNIRIO UNIVERSIDADE FEDERAL DO ESTADO RJ";"15255";"UNIVERSIDADE FEDERAL DO ESTADO RIO DE JANEIRO";"23040307000111";"PROMACOM-PROJETO MAIS COMUNIDADE";"REF RECIBO DA OSC PROMACOM RELATIVO AO PROJETO CAPACITACAO MARINHEIROS.PROP 964/2024.PROC. 23102.001593/2024-64.";"3";"DESPESAS CORRENTES";"3";"Outras Despesas Correntes";"90";"Aplicações Diretas";"39";"Outros Serviços de Terceiros - Pessoa Juríd";"0000";"FOMENTO AS ACOES DE GRADUACAO, POS-GRADUACAO, ENSINO, PESQUISA E EXTENSAO - DESPESAS DIVERSAS";"00";"Sem informação"
"154034152552025NS000076";"2025NS000076";"01/01/2025";"NS";"Nota de Lançamento de Sistema";"26000";"Ministério da Educação";"26269";"Universidade Federal do Estado do Rio de Jane";"154034";"UNIRIO UNIVERSIDADE FEDERAL DO ESTADO RJ";"15255";"UNIVERSIDADE FEDERAL DO ESTADO RIO DE JANEIRO";"23040307000111";"PROMACOM-PROJETO MAIS COMUNIDADE";"REF REC DA OSC PROMACOM RELATIVO AO PROJETO ACESSIBILIDADE E INCLUSAO DO TURISMO PROP 989/24 PROC 1598/2024-97";"3";"DESPESAS CORRENTES";"3";"Outras Despesas Correntes";"90";"Aplicações Diretas";"39";"Outros Serviços de Terceiros - Pessoa Juríd";"0000";"FOMENTO AS ACOES DE GRADUACAO, POS-GRADUACAO, ENSINO, PESQUISA E EXTENSAO - DESPESAS DIVERSAS";"00";"Sem informação"
"275075272112025NS000101";"2025NS000101";"01/01/2025";"NS";"Nota de Lançamento de Sistema";"39000";"Ministério dos Transportes";"29209";"VALEC Engenharia, Construções e Ferrovias S";"275075";"VALEC ENGENHARIA, CONSTRUCOES E FERROVIAS S.A";"27211";"VALEC-ENGENHARIA,CONSTRUCOES E FERROVIAS S/A";"22752238000106";"PTV DO BRASIL-IMPORTACAO, LICENCAS E SUPORTE DE SOFTWAR";"DLC/BSB - 2640/2024/SUPTI (9223313) E 2642/2024/SUPTI (9223667) - SERVICOS DE MANUTENCAO POR 36 MESES, COM ATUALIZACAO E SUPORTE TECNICO, DA SOLUCAO DE SIMULACAO MULTIMODAL DE TRANSPORTE DAS LICENCAS PERPETUAS DE SOFTWARES DE MODELAGEM DE TRANSPORTES NAS ESCALAS DE MACROSSIMULACAO E MICROSSIMULACAO - VISUM E VISSIM, BEM COMO MANUTENCAO DO MODULO DE COMPUTACAO DISTRIBUIDA. - CT 039/24 - COMP. DEZ/24 - NFSE 549 E 553 - PTV DO BRASIL-IMPORTACAO, LICENCAS E SUPORTE.";"3";"DESPESAS CORRENTES";"3";"Outras Despesas Correntes";"90";"Aplicações Diretas";"40";"Serviços de Tecnologia da Informação e Com";"0000";"MANUTENCAO E OPERACAO DA INFRAESTRUTURA DE TECNOLOGIA DA INFORMACAO";"00";"Sem informação"
"275075272112025NS000107";"2025NS000107";"01/01/2025";"NS";"Nota de Lançamento de Sistema";"39000";"Ministério dos Transportes";"29209";"VALEC Engenharia, Construções e Ferrovias S";"275075";"VALEC ENGENHARIA, CONSTRUCOES E FERROVIAS S.A";"27211";"VALEC-ENGENHARIA,CONSTRUCOES E FERROVIAS S/A";"22752238000106";"PTV DO BRASIL-IMPORTACAO, LICENCAS E SUPORTE DE SOFTWAR";"DLC/BSB - 2641/2024/SUPTI (9223483) - AQUISICAO DE SOFTWARE SOB O MODELO DE LICENCIAMENTO PERMANENTE DE DIREITOS DE USO - PTV VISUM MODELLER 10.000 ZONAS. LICENCAS EM REDE + BUNDLE ROAD + LINE COSTING AND REVENUE CALCULATION. 7 (SETE) LICENCAS +MODULOS VISWALK E LANDSIDE DEMAND GENERATOR. (1) UMA LICENCA. - CT 039/24 - COMP. DEZ/24 - NFSE 552 - PTV DO BRASIL-IMPORTACAO, LICENCAS E SUPORTE.";"3";"DESPESAS CORRENTES";"3";"Outras Despesas Correntes";"90";"Aplicações Diretas";"40";"Serviços de Tecnologia da Informação e Com";"0000";"MANUTENCAO E OPERACAO DA INFRAESTRUTURA DE TECNOLOGIA DA INFORMACAO";"00";"Sem informação"
"153045152242025NS012828";"2025NS012828";"01/01/2025";"NS";"Nota de Lançamento de Sistema";"26000";"Ministério da Educação";"26233";"Universidade Federal do Ceará";"153045";"UNIVERSIDADE FEDERAL DO CEARA";"15224";"UNIVERSIDADE FEDERAL DO CEARA";"36831212000168";"FLORART PAISAGISMO LTDA";"PGTO DO(S) INSTR.(S) DE COBRANCA(S) NUM.(S): 3389, CONTRATO Nº: 00058/2022 - 36.831.212/0001-68 - FLORART PAISAGISMO LTDA, PROC.(S) NUM.(S): 23067.051477/2021-17, DO(S) FORNECIMENTO(S)/SERVICO(S) PRESTADO(S) AO(S) MES(ES): 06/2025.";"3";"DESPESAS CORRENTES";"3";"Outras Despesas Correntes";"90";"Aplicações Diretas";"92";"Despesas de Exercícios Anteriores";"0000";"FUNCIONAMENTO DE INSTITUICOES FEDERAIS DE ENSINO SUPERIOR";"00";"Sem informação"
"110062000012025NS001456";"2025NS001456";"01/01/2025";"NS";"Nota de Lançamento de Sistema";"63000";"Advocacia-Geral da União";"63000";"Advocacia-Geral da União - Unidades com vín";"110062";"DIRETORIA DE GESTAO DE PESSOAS";"00001";"TESOURO NACIONAL";"00000208000100";"BRB BANCO DE BRASILIA SA";"DEP JUD DO SERVIDOR: OREGON CAVALCANTE DE CARVALHO - REF. O PERIODO AGO/24 A MAR/2025 - PROC. 0802143-31.2020.8.20.5001 - OFICIO 802143 SEQ. 1 - R$ 1813,57 - NUP 00404.003899/2024-55. ID 081160000015969337.";"MU";"Múltiplo";"MU";"Múltiplo";"MU";"Múltiplo";"MU";"Múltiplo";"0000";"ATIVOS CIVIS DA UNIAO";"00";"Sem informação"
"160386000012025NS000020";"2025NS000020";"01/01/2025";"NS";"Nota de Lançamento de Sistema";"52000";"Ministério da Defesa";"52121";"Comando do Exército";"160386";"3 BATALHAO DE POLICIA DO EXERCITO";"00001";"TESOURO NACIONAL";"08616387000117";"COOPERATIVA MISTA DE AGRICULTORES FAMILIARES DE ITATI,";"AQUISICAO DE GENEROS ALIMENTICIOS PARA O SETOR DE APROVISIONAMENTO DO 3¤BPE. CONF DANFE NR 57904 DE 12DEZ24 - NAO OPTANTE PELO SIMPLES.?REQ 66- APROV/S4/3¤BPE, DE 03JUL23. PARTICIPANTE 01/2024-160368. NUP 64150.005732/2024-31.";"3";"DESPESAS CORRENTES";"3";"Outras Despesas Correntes";"90";"Aplicações Diretas";"30";"Material de Consumo";"0006";"ALIMENTACAO DE MILITARES ATIVOS EM RANCHO";"00";"Sem informação"
"160386000012025NS000018";"2025NS000018";"01/01/2025";"NS";"Nota de Lançamento de Sistema";"52000";"Ministério da Defesa";"52121";"Comando do Exército";"160386";"3 BATALHAO DE POLICIA DO EXERCITO";"00001";"TESOURO NACIONAL";"04004419000172";"RE-SOL COMERCIO DE FRUTAS E LEGUMES LTDA";"AQUISICAO DE GENEROS ALIMENTICIOS PARA O SETOR DE APROVISIONAMENTO DO 3BPE. CONF DANFE NR 54546 DE 13DEZ24 - NAO OPTANTE PELO SIMPLES.? REQ 77-APROV/S4/3BPE, DE 17JUL24. PARTICIPANTE 90005/2024. NUP 64150.006283/2024-48.";"3";"DESPESAS CORRENTES";"3";"Outras Despesas Correntes";"90";"Aplicações Diretas";"30";"Material de Consumo";"0006";"ALIMENTACAO DE MILITARES ATIVOS EM RANCHO";"00";"Sem informação"
"160386000012025NS000016";"2025NS000016";"01/01/2025";"NS";"Nota de Lançamento de Sistema";"52000";"Ministério da Defesa";"52121";"Comando do Exército";"160386";"3 BATALHAO DE POLICIA DO EXERCITO";"00001";"TESOURO NACIONAL";"14169702000108";"COOPERATIVA DE AGRICULTORES E AGROINDUSTRIAS FAMILIARES";"AQUISICAO DE GENEROS ALIMENTICIOS PARA O SETOR DE APROVISIONAMENTO DO 3BPE. CONF DANFE NR 119628 DE 12DEZ24 - NAO OPTANTE PELO SIMPLES.? REQ 82-APROV/S4/3BPE, DE 31JUL24. CHAMADA PUBLICA 01/2024 - 160368. NUP 64150.006408/2024-30.";"3";"DESPESAS CORRENTES";"3";"Outras Despesas Correntes";"90";"Aplicações Diretas";"30";"Material de Consumo";"0006";"ALIMENTACAO DE MILITARES ATIVOS EM RANCHO";"00";"Sem informação"
"160386000012025NS000015";"2025NS000015";"01/01/2025";"NS";"Nota de Lançamento de Sistema";"52000";"Ministério da Defesa";"52121";"Comando do Exército";"160386";"3 BATALHAO DE POLICIA DO EXERCITO";"00001";"TESOURO NACIONAL";"14169702000108";"COOPERATIVA DE AGRICULTORES E AGROINDUSTRIAS FAMILIARES";"AQUISICAO DE GENEROS ALIMENTICIOS PARA O SETOR DE APROVISIONAMENTO DO 3BPE. CONF DANFE NR 120351 DE 30DEZ24 - NAO OPTANTE PELO SIMPLES.? REQ 82-APROV/S4/3BPE, DE 31JUL24. CHAMADA PUBLICA 01/2024 - 160368. NUP 64150.006408/2024-30.";"3";"DESPESAS CORRENTES";"3";"Outras Despesas Correntes";"90";"Aplicações Diretas";"30";"Material de Consumo";"0006";"ALIMENTACAO DE MILITARES ATIVOS EM RANCHO";"00";"Sem informação"
"160386000012025NS000019";"2025NS000019";"01/01/2025";"NS";"Nota de Lançamento de Sistema";"52000";"Ministério da Defesa";"52121";"Comando do Exército";"160386";"3 BATALHAO DE POLICIA DO EXERCITO";"00001";"TESOURO NACIONAL";"18472579000150";"COMSABOR COMERCIO DE ALIMENTOS LTDA";"AQUISICAO DE GENEROS ALIMENTICIOS PARA SECAO DE APROVISIONANEMENTO DO 3ºBPE. CONFORME DANFE 14381 DE 09DEZ24. NAO OPTANTE PELO SIMPLES.?REQ 66-APROV/S4/3ºBPE, DE 24JUN24. PARTICIPANTE 08/2023-160392. NUP 64150.005196/2024-73.";"3";"DESPESAS CORRENTES";"3";"Outras Despesas Correntes";"90";"Aplicações Diretas";"30";"Material de Consumo";"0006";"ALIMENTACAO DE MILITARES ATIVOS EM RANCHO";"00";"Sem informação"
"160386000012025NS000021";"2025NS000021";"01/01/2025";"NS";"Nota de Lançamento de Sistema";"52000";"Ministério da Defesa";"52121";"Comando do Exército";"160386";"3 BATALHAO DE POLICIA DO EXERCITO";"00001";"TESOURO NACIONAL";"18472579000150";"COMSABOR COMERCIO DE ALIMENTOS LTDA";"AQUISICAO DE GENEROS ALIMENTICIOS PARA SECAO DE APROVISIONANEMENTO DO 3ºBPE. CONFORME DANFE 14382 DE 09DEZ24. NAO OPTANTE PELO SIMPLES.?REQUISICAO Nº 78-APROV/S4/3¤BPE, 14OUT24. PARTICIPANTE 00008/2023 UASG 160392. NUP 64150.010150/2024-76.";"3";"DESPESAS CORRENTES";"3";"Outras Despesas Correntes";"90";"Aplicações Diretas";"30";"Material de Consumo";"0006";"ALIMENTACAO DE MILITARES ATIVOS EM RANCHO";"00";"Sem informação"
"113203115012025NS000635";"2025NS000635";"01/01/2025";"NS";"Nota de Lançamento de Sistema";"24000";"Ministério da Ciência, Tecnologia e Inovaç";"20301";"Comissão Nacional de Energia Nuclear";"113203";"COMISSAO NACIONAL DE ENERGIA NUCLEAR-IEN";"11501";"COMISSAO NACIONAL DE ENERGIA NUCLEAR";"12373559000146";"SERVICE IT SECURITY LTDA.";"PGTO DO(S) INSTR.(S) DE COBRANCA(S) NUM.(S): 2024817, CONTRATO Nº: 00005/2023 - 12.373.559/0001-46 - SERVICE IT SECURITY LTDA., PROC.(S) NUM.(S): 01345.000027/2024-40, DO(S) FORNECIMENTO(S)/SERVICO(S) PRESTADO(S) AO(S) MES(ES): 12/2024. NF:2024817 DOC SEI:(2722776)";"3";"DESPESAS CORRENTES";"3";"Outras Despesas Correntes";"90";"Aplicações Diretas";"39";"Outros Serviços de Terceiros - Pessoa Juríd";"0002";"FUNCIONAMENTO DOS LABORATORIOS DAS UNIDADES TECNICO-CIENTIFICAS DA CNEN";"00";"Sem informação"
"155591264112025NS000052";"2025NS000052";"01/01/2025";"NS";"Nota de Lançamento de Sistema";"26000";"Ministério da Educação";"26411";"Instituto Federal de Educação, Ciência e T";"155591";"INST FED SUDESTE DE MG/CAMPUS MANHUACU";"26411";"INST.FED.DE EDUC.,CIENC.E TEC.DO SUDESTE MG";"08458633000150";"ESMARTY ESPECIALISTA EM MANUTENCAO DE ELEVADORES LTDA";"PGTO DO(S) INSTR.(S) DE COBRANCA(S) NUM.(S): 4003, CONTRATO Nº: 00123/2024 - 08.458.633/0001-50 - ESMARTY ESPECIALISTA EM MANUTENCAO DE ELEVADORES LTDA, PROC.(S) NUM.(S): 23773.000388/2024-89, DO(S) FORNECIMENTO(S)/SERVICO(S) PRESTADO(S) AO(S) MES(ES): 12/2024.";"3";"DESPESAS CORRENTES";"3";"Outras Despesas Correntes";"90";"Aplicações Diretas";"39";"Outros Serviços de Terceiros - Pessoa Juríd";"0000";"FUNCIONAMENTO DAS INSTITUICOES DA REDE FEDERAL DE EDUCACAO PROFISSIONAL, CIENTIFICA E TECNOLOGICA";"00";"Sem informação"
"158413264112025NS000013";"2025NS000013";"01/01/2025";"NS";"Nota de Lançamento de Sistema";"26000";"Ministério da Educação";"26411";"Instituto Federal de Educação, Ciência e T";"158413";"INST FED SUDESTE DE MG/CAMPUS BARBACENA";"26411";"INST.FED.DE EDUC.,CIENC.E TEC.DO SUDESTE MG";"12039966000111";"LINK CARD ADMINISTRADORA DE BENEFICIOS LTDA";"PGTO DO(S) INSTR.(S) DE COBRANCA(S) NUM.(S): 1296510, CONTRATO Nº: 00031/2022 - 12.039.966/0001-11 - LINK CARD ADMINISTRADORA DE BENEFICIOS LTDA, PROC.(S) NUM.(S): 23355.001502/2022-57, DO(S) FORNECIMENTO(S)/SERVICO(S) PRESTADO(S) AO(S) MES(ES): 12/2025.";"3";"DESPESAS CORRENTES";"3";"Outras Despesas Correntes";"90";"Aplicações Diretas";"39";"Outros Serviços de Terceiros - Pessoa Juríd";"0000";"FUNCIONAMENTO DAS INSTITUICOES DA REDE FEDERAL DE EDUCACAO PROFISSIONAL, CIENTIFICA E TECNOLOGICA";"00";"Sem informação"
"158413264112025NS000017";"2025NS000017";"01/01/2025";"NS";"Nota de Lançamento de Sistema";"26000";"Ministério da Educação";"26411";"Instituto Federal de Educação, Ciência e T";"158413";"INST FED SUDESTE DE MG/CAMPUS BARBACENA";"26411";"INST.FED.DE EDUC.,CIENC.E TEC.DO SUDESTE MG";"12039966000111";"LINK CARD ADMINISTRADORA DE BENEFICIOS LTDA";"PGTO DO(S) INSTR.(S) DE COBRANCA(S) NUM.(S): 01296509, CONTRATO Nº: 00031/2022 - 12.039.966/0001-11 - LINK CARD ADMINISTRADORA DE BENEFICIOS LTDA, PROC.(S) NUM.(S): 23355.001502/2022-57, DO(S) FORNECIMENTO(S)/SERVICO(S) PRESTADO(S) AO(S) MES(ES): 12/2024.";"3";"DESPESAS CORRENTES";"3";"Outras Despesas Correntes";"90";"Aplicações Diretas";"30";"Material de Consumo";"0000";"FUNCIONAMENTO DAS INSTITUICOES DA REDE FEDERAL DE EDUCACAO PROFISSIONAL, CIENTIFICA E TECNOLOGICA";"00";"Sem informação"
"155591264112025NS000053";"2025NS000053";"01/01/2025";"NS";"Nota de Lançamento de Sistema";"26000";"Ministério da Educação";"26411";"Instituto Federal de Educação, Ciência e T";"155591";"INST FED SUDESTE DE MG/CAMPUS MANHUACU";"26411";"INST.FED.DE EDUC.,CIENC.E TEC.DO SUDESTE MG";"22050561000138";"SERVICO AUTONOMO DE AGUA E ESGOTO";"PGTO DO(S) INSTR.(S) DE COBRANCA(S) NUM.(S): 14418122024-1, CONTRATO Nº: 00173/2024 - 22.050.561/0001-38 - SERVICO AUTONOMO DE AGUA E ESGOTO, PROC.(S) NUM.(S): 23773.000518/2024-83, DO(S) FORNECIMENTO(S)/SERVICO(S) PRESTADO(S) AO(S) MES(ES): 12/2024.";"3";"DESPESAS CORRENTES";"3";"Outras Despesas Correntes";"90";"Aplicações Diretas";"39";"Outros Serviços de Terceiros - Pessoa Juríd";"0000";"FUNCIONAMENTO DAS INSTITUICOES DA REDE FEDERAL DE EDUCACAO PROFISSIONAL, CIENTIFICA E TECNOLOGICA";"00";"Sem informação"
"155591264112025NS000050";"2025NS000050";"01/01/2025";"NS";"Nota de Lançamento de Sistema";"26000";"Ministério da Educação";"26411";"Instituto Federal de Educação, Ciência e T";"155591";"INST FED SUDESTE DE MG/CAMPUS MANHUACU";"26411";"INST.FED.DE EDUC.,CIENC.E TEC.DO SUDESTE MG";"52217971000191";"SUPRI SOLUTIONS DISTRIBUIDORA LTDA";"PGTO DO(S) INSTR.(S) DE COBRANCA(S) NUM.(S): 000203, CONTRATO Nº: 2024NE000137 - 52.217.971/0001-91 - SUPRI SOLUTIONS DISTRIBUIDORA LTDA, PROC.(S) NUM.(S): 23773.000498/2024-41, DO(S) FORNECIMENTO(S)/SERVICO(S) PRESTADO(S) AO(S) MES(ES): 12/2024.";"4";"DESPESAS DE CAPITAL";"4";"Investimentos";"90";"Aplicações Diretas";"52";"Equipamentos e Material Permanente";"0000";"FUNCIONAMENTO DAS INSTITUICOES DA REDE FEDERAL DE EDUCACAO PROFISSIONAL, CIENTIFICA E TECNOLOGICA";"00";"Sem informação"
"158133264052025NS000076";"2025NS000076";"01/01/2025";"NS";"Nota de Lançamento de Sistema";"26000";"Ministério da Educação";"26405";"Instituto Federal de Educação, Ciência e T";"158133";"INST.FED.DE EDUC.,CIENC.E TEC.DO CEARA";"26405";"INST.FED.DE EDUC.,CIENC.E TEC.DO CEARA";"32410406000139";"ENGNORD CONSTRUCOES E SERVICOS LTDA";"PGTO DO(S) INSTR.(S) DE COBRANCA(S) NUM.(S): 1149, CONTRATO Nº: 00026/2024 - 32.410.406/0001-39 - ENGNORD CONSTRUCOES E SERVICOS LTDA, PROC.(S) NUM.(S): 23255.002806/2024-21, DO(S) FORNECIMENTO(S)/SERVICO(S) PRESTADO(S) AO(S) MES(ES): 12/2024.";"4";"DESPESAS DE CAPITAL";"4";"Investimentos";"90";"Aplicações Diretas";"51";"Obras e Instalações";"0000";"REESTRUTURACAO E MODERNIZACAO DAS INSTITUICOES DA REDE FEDERAL DE EDUCACAO PROFISSIONAL, CIENTIFICA E TECNOLOGICA - DESPESAS DIVERSAS";"00";"Sem informação"
"170195000012025NS000112";"2025NS000112";"01/01/2025";"NS";"Nota de Lançamento de Sistema";"46000";"Ministério da Gestão e da Inovação em Ser";"46000";"Ministério da Gestão e da Inovação em Ser";"170195";"SUPERINT. REG. ADM. DO MGI - GOIAS/TOCANTINS";"00001";"TESOURO NACIONAL";"07696132000149";"LOGIKS CONSULTORIA E SERVICOS EM TECNOLOGIA DA INFORMAC";"PAGAMENTO DA NF 1073 DE 09/12/2024 REF. AO SERVICO DE CONSULTORIA TECNICA ESPECIALIZADA PARA APOIO A GESTAO E GOVERNANCA DE TI PRESTADOS A MDIC-SE-SGA-CGTI NO MES DE OUTUBRO/2024, DE ACORDO COM PROCESSO 19974.002291/2024-77. CONTRATO 06/2022.";"3";"DESPESAS CORRENTES";"3";"Outras Despesas Correntes";"90";"Aplicações Diretas";"35";"Serviços de Consultoria";"0002";"APOIO AO GOVERNO DIGITAL E A GOVERNANCA DE TIC";"00";"Sem informação"
"443033442072025NS004740";"2025NS004740";"01/01/2025";"NS";"Nota de Lançamento de Sistema";"44000";"Ministério do Meio Ambiente e Mudança do Cl";"44207";"Instituto Chico Mendes de Conservação da Bi";"443033";"INSTITUTO CHICO MENDES - SEDE";"44207";"INST.CHICO MENDES DE CONSER.DA BIODIVERSIDADE";"***.213.090-**";"LEANDRO JERUSALINSKY";"PAGAMENTO DE RECONHECIMENTO DE DIVIDA REFERENTE A AQUISICAO DIRETA E DE FORMA EMERGENCIAL DE 01 (UM) CADEADO 20905781. CONFORME NOTA FISCAL 20444165. PROCESSO 02062.000104/2024-09. DADOS BANCARIOS CONFORME DESPACHO SEI N¤20811924.";"3";"DESPESAS CORRENTES";"3";"Outras Despesas Correntes";"90";"Aplicações Diretas";"92";"Despesas de Exercícios Anteriores";"0000";"APOIO A CRIACAO, GESTAO E IMPLEMENTACAO DAS UNIDADES DE CONSERVACAO FEDERAIS - DESPESAS DIVERSAS";"00";"Sem informação"
"120069000012025NS000029";"2025NS000029";"01/01/2025";"NS";"Nota de Lançamento de Sistema";"52000";"Ministério da Defesa";"52111";"Comando da Aeronáutica";"120069";"CENTRO REGIONAL DE CONTROLE DO ESPACO AEREO";"00001";"TESOURO NACIONAL";"120069";"SERVICO REGIONAL DE PROTECAO AO VOO SAO PAULO";"NOTA FISCAL Nº 000.002.295. VALOR R$ 733,80. EMITIDA EM 12/11/2024. EMPRESA DELTA COMERCIO DE MAQUINAS, FERRAGENS E FERRA. AQUISICAO DE MATERIAL P/ MANUT. DE BENS IMOVEIS/INSTALACOES. PAG 67267.000523/2024-81";"3";"DESPESAS CORRENTES";"3";"Outras Despesas Correntes";"90";"Aplicações Diretas";"30";"Material de Consumo";"0002";"OPERACAO E MANUTENCAO DE EQUIPAMENTOS E SISTEMAS DO CONTROLE DO ESPACO AEREO BRASILEIRO";"00";"Sem informação"
"120069000012025NS000079";"2025NS000079";"01/01/2025";"NS";"Nota de Lançamento de Sistema";"52000";"Ministério da Defesa";"52111";"Comando da Aeronáutica";"120069";"CENTRO REGIONAL DE CONTROLE DO ESPACO AEREO";"00001";"TESOURO NACIONAL";"120069";"SERVICO REGIONAL DE PROTECAO AO VOO SAO PAULO";"NOTA FISCAL Nº 1657. VALOR R$ 9.855,90. EMITIDA EM 18/11/2024. EMPRESA M.A.T.JUSTINO PERSIANAS. AQUISICAO DE MATERIAL P/ MANUT.DE BENS IMOVEIS/INSTALACOES.PAG 67267.002067/2023-23";"3";"DESPESAS CORRENTES";"3";"Outras Despesas Correntes";"90";"Aplicações Diretas";"30";"Material de Consumo";"0002";"OPERACAO E MANUTENCAO DE EQUIPAMENTOS E SISTEMAS DO CONTROLE DO ESPACO AEREO BRASILEIRO";"00";"Sem informação"
"120069000012025NS000022";"2025NS000022";"01/01/2025";"NS";"Nota de Lançamento de Sistema";"52000";"Ministério da Defesa";"52111";"Comando da Aeronáutica";"120069";"CENTRO REGIONAL DE CONTROLE DO ESPACO AEREO";"00001";"TESOURO NACIONAL";"120069";"SERVICO REGIONAL DE PROTECAO AO VOO SAO PAULO";"NOTA FISCAL Nº 000507026. VALOR R$ 6.548,10. EMITIDA EM 18/11/2024. EMPRESA IBG INDUSTRIA BRASILEIRA DE GASES LTDA. AQUISICAO DE GAS E OUTROS MATERIAIS ENGARRAFADOS. PAG 67617.024333/2023-51";"3";"DESPESAS CORRENTES";"3";"Outras Despesas Correntes";"90";"Aplicações Diretas";"30";"Material de Consumo";"0002";"OPERACAO E MANUTENCAO DE EQUIPAMENTOS E SISTEMAS DO CONTROLE DO ESPACO AEREO BRASILEIRO";"00";"Sem informação"
"120069000012025NS000057";"2025NS000057";"01/01/2025";"NS";"Nota de Lançamento de Sistema";"52000";"Ministério da Defesa";"52111";"Comando da Aeronáutica";"120069";"CENTRO REGIONAL DE CONTROLE DO ESPACO AEREO";"00001";"TESOURO NACIONAL";"120069";"SERVICO REGIONAL DE PROTECAO AO VOO SAO PAULO";"NOTA FISCAL Nº 000.001.889. VALOR R$ 443,91. EMITIDA EM 13/11/2024. EMPRESA CURITIBA COMERCIO DE PNEUMATICOS E TINTAS LTD. AQUISICAO DE - MATERIAL P/ MANUT.DE BENS IMOVEIS/INSTALACOES. PAG 67267.006323/2023-51";"3";"DESPESAS CORRENTES";"3";"Outras Despesas Correntes";"90";"Aplicações Diretas";"30";"Material de Consumo";"0002";"OPERACAO E MANUTENCAO DE EQUIPAMENTOS E SISTEMAS DO CONTROLE DO ESPACO AEREO BRASILEIRO";"00";"Sem informação"
"120069000012025NS000024";"2025NS000024";"01/01/2025";"NS";"Nota de Lançamento de Sistema";"52000";"Ministério da Defesa";"52111";"Comando da Aeronáutica";"120069";"CENTRO REGIONAL DE CONTROLE DO ESPACO AEREO";"00001";"TESOURO NACIONAL";"120069";"SERVICO REGIONAL DE PROTECAO AO VOO SAO PAULO";"NOTA FISCAL Nº 000509484. VALOR R$ 8.059,20. EMITIDA EM 12/12/2024. EMPRESA IBG INDUSTRIA BRASILEIRA DE GASES LTDA. AQUISICAO DE GAS E OUTROS MATERIAIS ENGARRAFADOS. PAG 67617.024333/2023-51";"3";"DESPESAS CORRENTES";"3";"Outras Despesas Correntes";"90";"Aplicações Diretas";"30";"Material de Consumo";"0002";"OPERACAO E MANUTENCAO DE EQUIPAMENTOS E SISTEMAS DO CONTROLE DO ESPACO AEREO BRASILEIRO";"00";"Sem informação"
"120069000012025NS000078";"2025NS000078";"01/01/2025";"NS";"Nota de Lançamento de Sistema";"52000";"Ministério da Defesa";"52111";"Comando da Aeronáutica";"120069";"CENTRO REGIONAL DE CONTROLE DO ESPACO AEREO";"00001";"TESOURO NACIONAL";"120069";"SERVICO REGIONAL DE PROTECAO AO VOO SAO PAULO";"NOTA FISCAL Nº 1656. VALOR R$ 11.428,65. EMITIDA EM 18/11/2024. EMPRESA M.A.T.JUSTINO PERSIANAS. AQUISICAO DE MATERIAL P/ MANUT.DE BENS IMOVEIS/INSTALACOES?.PAG 67267.002067/2023-23";"3";"DESPESAS CORRENTES";"3";"Outras Despesas Correntes";"90";"Aplicações Diretas";"30";"Material de Consumo";"0002";"OPERACAO E MANUTENCAO DE EQUIPAMENTOS E SISTEMAS DO CONTROLE DO ESPACO AEREO BRASILEIRO";"00";"Sem informação"
"373046372012025NS000007";"2025NS000007";"01/01/2025";"NS";"Nota de Lançamento de Sistema";"49000";"Ministério do Desenvolvimento Agrário e Agr";"22201";"Instituto Nacional de Colonização e Reforma";"373046";"SUPERINT.REGIONAL DO R.GRANDE DO NORTE SR(RN)";"37201";"INSTITUTO NAC. DE COLONIZACAO E REF.AGRARIA";"02474174000111";"ELEVADORES SUPER LTDA";"PGTO DO(S) INSTR.(S) DE COBRANCA(S) NUM.(S): 26109, CONTRATO Nº: 01379/2023 - 02.474.174/0001-11 - ELEVADORES SUPER LTDA, PROC.(S) NUM.(S): 54000.115641/2022-19, DO(S) FORNECIMENTO(S)/SERVICO(S) PRESTADO(S) AO(S) MES(ES): 12/2024.";"3";"DESPESAS CORRENTES";"3";"Outras Despesas Correntes";"90";"Aplicações Diretas";"39";"Outros Serviços de Terceiros - Pessoa Juríd";"0003";"DESPESAS ADMINISTRATIVAS GERAIS";"00";"Sem informação"
"153046152252025NS000096";"2025NS000096";"01/01/2025";"NS";"Nota de Lançamento de Sistema";"26000";"Ministério da Educação";"26234";"Universidade Federal do Espírito Santo";"153046";"UNIVERSIDADE FEDERAL DO ESPIRITO SANTO";"15225";"UNIVERSIDADE FEDERAL DO ESPIRITO SANTO";"05340639000130";"PRIME CONSULTORIA E ASSESSORIA EMPRESARIAL LTDA";"LIQUIDACAO REF.NOTA FISCAL Nº 2685899 - EMISSAO: 01/01/2025 - CONTRATO N¤ 24/2023 - CODIGO DE NATUREZA DE RENDIMENTO: CONFORME PLANILHA DE RETENCAO TRIBUTARIA ANEXA - CENTRO DE CUSTO (UGR) E REFERENCIA: 153512 - DEZ/2024 PROC.TRAMITADO 23068.000115/2025-81, PROCESSO 23068.016382/2022-28.";"3";"DESPESAS CORRENTES";"3";"Outras Despesas Correntes";"90";"Aplicações Diretas";"39";"Outros Serviços de Terceiros - Pessoa Juríd";"-1";"Sem informação";"-1";"Sem informação"
"275075272112025NS000315";"2025NS000315";"01/01/2025";"NS";"Nota de Lançamento de Sistema";"39000";"Ministério dos Transportes";"29209";"VALEC Engenharia, Construções e Ferrovias S";"275075";"VALEC ENGENHARIA, CONSTRUCOES E FERROVIAS S.A";"27211";"VALEC-ENGENHARIA,CONSTRUCOES E FERROVIAS S/A";"115406";"EMPRESA BRASIL DE COMUNICACAO S.A";"DLC/2486/2024/ASCOM, SEI 9159648 - PAGAMENTO DE ANUNCIO NA EMPRESA EDITORA A TARDE S.A - FATURA DE PUBLICIDADE LEGAL 8031287 - NFSE 31287 - FATURA DE VEICULACAO 183312 - CONTRATO 034/2021 - COMPETENCIA DEZEMBRO/2024 - EMPRESA BRASILEIRA DE COMUNICACAO S/A.";"3";"DESPESAS CORRENTES";"3";"Outras Despesas Correntes";"91";"Aplicação Direta Decorrente de Operação entre Órgãos, Fundos e Entidades Integrantes dos Orçamentos Fiscal e da Seguridade Social";"39";"Outros Serviços de Terceiros - Pessoa Juríd";"0000";"ADMINISTRACAO DA UNIDADE";"00";"Sem informação"
"275075272112025NS000051";"2025NS000051";"01/01/2025";"NS";"Nota de Lançamento de Sistema";"39000";"Ministério dos Transportes";"29209";"VALEC Engenharia, Construções e Ferrovias S";"275075";"VALEC ENGENHARIA, CONSTRUCOES E FERROVIAS S.A";"27211";"VALEC-ENGENHARIA,CONSTRUCOES E FERROVIAS S/A";"00475251000122";"PAULO OCTAVIO INVESTIMENTOS IMOBILIARIOS LTDA";"DLC/2639/2024/SUADM, SEI 9223164 - PAGAMENTO REFERENTE AO ALUGUEL DO IMOVEL LOCADO NO SETOR DE AUTARQUIAS SUL, LOTES 03A E 5, BLOCO G, BRASILIA/DF, COMPOSTO POR NOVE PAVIMENTOS - SEDE INFRA S.A - COMPETENCIA DEZEMBRO/2024 - CONTRATO 031/2016 - FATURA 099 - PAULO OCTAVIO INVESTIMENTOS IMOBILIARIOS LTDA.";"3";"DESPESAS CORRENTES";"3";"Outras Despesas Correntes";"90";"Aplicações Diretas";"39";"Outros Serviços de Terceiros - Pessoa Juríd";"0000";"ADMINISTRACAO DA UNIDADE";"00";"Sem informação"
"275075272112025NS000073";"2025NS000073";"01/01/2025";"NS";"Nota de Lançamento de Sistema";"39000";"Ministério dos Transportes";"29209";"VALEC Engenharia, Construções e Ferrovias S";"275075";"VALEC ENGENHARIA, CONSTRUCOES E FERROVIAS S.A";"27211";"VALEC-ENGENHARIA,CONSTRUCOES E FERROVIAS S/A";"05969672000123";"UNA COMUNICACAO E PARTICIPACOES LTDA";"DLC/2644,2645 E 2646/2024/ASCOM, SEI 9225759, 9225872 E 9225916 - PRESTACAO DE SERVICO DE PLANEJAMENTO, ORGANIZACAO E ADMINISTRACAO DE EVENTOS, EXPOSICOES E CONGENERES - EVENTO DIA 29/08/2024 - WORKSHOP UFLA - CONTRATO 06/2024 - COMPETENCIA NOVEMBRO/2024 - NFES 6789, 6790 E 6791 - UNA COMUNICACAO E PARTICIPACOES LTDA.";"3";"DESPESAS CORRENTES";"3";"Outras Despesas Correntes";"90";"Aplicações Diretas";"39";"Outros Serviços de Terceiros - Pessoa Juríd";"0000";"ADMINISTRACAO DA UNIDADE";"00";"Sem informação"
"275075272112025NS000052";"2025NS000052";"01/01/2025";"NS";"Nota de Lançamento de Sistema";"39000";"Ministério dos Transportes";"29209";"VALEC Engenharia, Construções e Ferrovias S";"275075";"VALEC ENGENHARIA, CONSTRUCOES E FERROVIAS S.A";"27211";"VALEC-ENGENHARIA,CONSTRUCOES E FERROVIAS S/A";"06064175000149";"AIRES TURISMO LTDA";"DLC/0019/2025/SUADM, SEI 9250220 - PRESTACAO DE SERVICOS DE AGENCIAMENTO DE VIAGENS, COMPREENDENDO A EMISSAO, A REMARCACAO E O CANCELAMENTO DE PASSAGENS AEREAS NACIONAIS E INTERNACIONAIS E EMISSAO DE APOLICES DE SEGURO VIAGEM INTERNACIONAL - CONTRATO 22/2023 - COMPETENCIA DEZEMBRO/2024 - FATURAS 236335 - AIRES TURISMO LTDA.";"3";"DESPESAS CORRENTES";"3";"Outras Despesas Correntes";"90";"Aplicações Diretas";"33";"Passagens e Despesas com Locomoção";"0000";"ADMINISTRACAO DA UNIDADE";"00";"Sem informação"
"423002422072025NS001638";"2025NS001638";"01/01/2025";"NS";"Nota de Lançamento de Sistema";"42000";"Ministério da Cultura";"42207";"Instituto Brasileiro de Museus";"423002";"IBRAM - SEDE";"42207";"INSTITUTO BRASILEIRO DE MUSEUS";"57142978000105";"BRASOFTWARE INFORMATICA LTDA";"PGTO DO(S) INSTR.(S) DE COBRANCA(S) NUM.(S): 000.670.039, CONTRATO Nº: 00005/2023 - 57.142.978/0001-05 - BRASOFTWARE INFORMATICA LTDA, PROC.(S) NUM.(S): 01415.002829/2024-13, DO(S) FORNECIMENTO(S)/SERVICO(S) PRESTADO(S) AO(S) MES(ES): 11/2024.";"3";"DESPESAS CORRENTES";"3";"Outras Despesas Correntes";"90";"Aplicações Diretas";"40";"Serviços de Tecnologia da Informação e Com";"0000";"ADMINISTRACAO DA UNIDADE - DESPESAS DIVERSAS";"00";"Sem informação"
"495130292082025NS000058";"2025NS000058";"01/01/2025";"NS";"Nota de Lançamento de Sistema";"32000";"Ministério de Minas e Energia";"29208";"Companhia de Pesquisa de Recursos Minerais";"495130";"COMPANHIA DE PESQUISA DE RECURSOS MINERAIS";"29208";"COMPANHIA DE PESQUISA DE RECURSOS MINERAIS";"***.252.626-**";"RENATA JOVIANO ALVIM";"Dado referente à Folha de Pagamento";"3";"DESPESAS CORRENTES";"1";"Pessoal e Encargos Sociais";"90";"Aplicações Diretas";"11";"Vencimentos e Vantagens Fixas - Pessoal Civil";"0000";"ATIVOS CIVIS DA UNIAO";"00";"Sem informação"
"580003000012025NS000261";"2025NS000261";"01/01/2025";"NS";"Nota de Lançamento de Sistema";"58000";"Ministério da Pesca e Aquicultura";"58000";"Ministério da Pesca e Aquicultura - Unidades";"580003";"COORD-GERAL DE ORC,FINANCAS E CONTAB.";"00001";"TESOURO NACIONAL";"61600839000155";"CENTRO DE INTEGRACAO EMPRESA ESCOLA CIE E";"PGTO DO(S) INSTR.(S) DE COBRANCA(S) NUM.(S): 43575, CONTRATO Nº: 00025/2023 - 61.600.839/0001-55 - CENTRO DE INTEGRACAO EMPRESA ESCOLA CIE E, PROC.(S) NUM.(S): 00350.003202/2024-19, DO(S) FORNECIMENTO(S)/SERVICO(S) PRESTADO(S) AO(S) MES(ES): 12/2024. AUTORIZACAO SEI ¤ 40311349";"3";"DESPESAS CORRENTES";"3";"Outras Despesas Correntes";"90";"Aplicações Diretas";"39";"Outros Serviços de Terceiros - Pessoa Juríd";"0000";"ADMINISTRACAO DA UNIDADE - DESPESAS DIVERSAS";"00";"Sem informação"
"240241000012025NS000087";"2025NS000087";"01/01/2025";"NS";"Nota de Lançamento de Sistema";"35000";"Ministério das Relações Exteriores";"35000";"Ministério das Relações Exteriores - Unida";"240241";"EMBAIXADA DO BRASIL EM OTTAWA";"00001";"TESOURO NACIONAL";"EXOTT1000";"1000662792 ONTARIO INC";"LIQUIDACAO DE DESPESA COM O SERVICO DE LIMPEZA DE NEVE PARA A CHANCELARIA E A RESIDENCIA OFICIAL NO INVERNO DE 2024-2025. JANEIRO DE 2025. DISPENSA DE LICITACAO CONFORME PORTARIA MRE 463/2023, ART 33, II (ATE USD 50K).";"3";"DESPESAS CORRENTES";"3";"Outras Despesas Correntes";"90";"Aplicações Diretas";"39";"Outros Serviços de Terceiros - Pessoa Juríd";"000E";"SERVICOS E MANUTENCAO DO POSTO (SMP)";"00";"Sem informação"
"240241000012025NS000085";"2025NS000085";"01/01/2025";"NS";"Nota de Lançamento de Sistema";"35000";"Ministério das Relações Exteriores";"35000";"Ministério das Relações Exteriores - Unida";"240241";"EMBAIXADA DO BRASIL EM OTTAWA";"00001";"TESOURO NACIONAL";"EXOTTCANM";"CANADA MAINTENANCE INC.";"LIQUIDACAO DE DESPESA COM O SERVICO DE LIMPEZA E MANUTENCAO DA CHANCELARIA. JANEIRO DE 2025. DISPENSA DE LICITACAO CONFORME PORTARIA MRE 463/2023, ART 33, II (ATE USD 50K).";"3";"DESPESAS CORRENTES";"3";"Outras Despesas Correntes";"90";"Aplicações Diretas";"39";"Outros Serviços de Terceiros - Pessoa Juríd";"000E";"SERVICOS E MANUTENCAO DO POSTO (SMP)";"00";"Sem informação"
"240241000012025NS000089";"2025NS000089";"01/01/2025";"NS";"Nota de Lançamento de Sistema";"35000";"Ministério das Relações Exteriores";"35000";"Ministério das Relações Exteriores - Unida";"240241";"EMBAIXADA DO BRASIL EM OTTAWA";"00001";"TESOURO NACIONAL";"EXOTTCANO";"CANON";"LIQUIDACAO COM DESPESA DE LEASING DAS FOTOCOPIADORAS SERIE IRC257IF (2CJ00956) E SERIE IR1643IF (2TP15079). FEVEREIRO A ABRIL DE 2025. DISPENSA DE LICITACAO CONFORME PORTARIA MRE 463/2023, ART 33,II (ATE USD 50K). AUTORIZACAO: DET 18/2025.";"3";"DESPESAS CORRENTES";"3";"Outras Despesas Correntes";"90";"Aplicações Diretas";"40";"Serviços de Tecnologia da Informação e Com";"000A";"TECNOLOGIA DA INFORMACAO E SISTEMAS INTERNOS DE COMUNICACAO DO MRE, NO EXTERIOR";"00";"Sem informação"
"153165152392025NS001600";"2025NS001600";"01/01/2025";"NS";"Nota de Lançamento de Sistema";"26000";"Ministério da Educação";"26248";"Universidade Federal Rural de Pernambuco";"153165";"UNIVERSIDADE FEDERAL RURAL DE PERNAMBUCO";"15239";"UNIVERSIDADE FEDERAL RURAL DE PERNAMBUCO";"40432544000147";"CLARO S.A.";"APROPRIACAO E RETENCAO DE DESPESAS COM TELEFONIA MOVEL CLARO S.A - NFST Nº 234004236102/11.2024 - EMISSAO: 19/12/2024 - NUMERO DO CLIENTE 920174076 - CONTA 234004236 - CODAI/PROAD - NOV/2024. PROCESSO: 23082.000006/2025-86.";"3";"DESPESAS CORRENTES";"3";"Outras Despesas Correntes";"90";"Aplicações Diretas";"39";"Outros Serviços de Terceiros - Pessoa Juríd";"0000";"FUNCIONAMENTO DE INSTITUICOES FEDERAIS DE ENSINO SUPERIOR - DESPESAS DIVERSAS";"00";"Sem informação"
"194026192082025NS000356";"2025NS000356";"01/01/2025";"NS";"Nota de Lançamento de Sistema";"84000";"Ministério dos Povos Indígenas";"30202";"Fundação Nacional dos Povos Indígenas";"194026";"COORDENACAO REGIONAL DE GUARAPUAVA/PR";"19208";"FUNDACAO NACIONAL DO INDIO";"77139855000122";"FRIGOESTE COMERCIO DE CARNES LTDA";"PAGAMENTO REFERENTE A DIVIDA NO VALOR DE NO VALOR DE R$ 7.221,03 (SETE MIL DUZENTOS E VINTE E UM REAIS E TRES CENTAVOS) JUNTO AO FORNECEDOR ADEMAR BEGNINI - DISTRIBUIDORA DE CARNES FRIGOESTE, CNPJ 77.139.855/0001-22, REFERENTE A AQUISICAO DA ATA DE REGISTRO DE PRECOS Nº 01/2023 (SEI Nº 5916124) CONFORME NOTA FISCAL 4.881 FRIGOESTE (SEI Nº 835139) (2746762), CF. TERMO DE RECONHECIMENTO DE DIVIDA SEPLAN - CR-GPV (SEI Nº 8355989), RELACIONADO AO 08761.000088/2025";"3";"DESPESAS CORRENTES";"3";"Outras Despesas Correntes";"90";"Aplicações Diretas";"92";"Despesas de Exercícios Anteriores";"0003";"PROMOCAO A CIDADANIA E EDUCACAO";"00";"Sem informação"
"155910264432025NS000068";"2025NS000068";"01/01/2025";"NS";"Nota de Lançamento de Sistema";"26000";"Ministério da Educação";"26443";"Empresa Brasileira de Serviços Hospitalares";"155910";"HOSPITAL UNIVERSITARIO DE LAGARTO";"26443";"EMPRESA BRASILEIRA DE SERVICOS HOSPITALARES";"60665981000975";"UNIAO QUIMICA FARMACEUTICA NACIONAL S A";"RECONHECIMENTO DO PASSIVO PARA POSTERIOR LIQUIDACAO DOS DANFE 920535 E 921403, DA EMPRESA UNIAO QUIMICA FARMACEUTICA NACIONAL S/A, CONFORME DOCUMENTO SEI 44994822 E PROCESSO 23817.019775/2024-35.";"3";"DESPESAS CORRENTES";"3";"Outras Despesas Correntes";"90";"Aplicações Diretas";"30";"Material de Consumo";"000I";"CUSTEIO DE SERVICOS PRESTADOS PELOS HOSPITAIS UNIVERSITARIOS FEDERAIS, NO AMBITO DO PROGRAMA NACIONAL DE QUALIFICACAO E AMPLIACAO DOS SERVICOS PRESTADOS POR HOSPITAIS UNIVERSITARIOS FEDERAIS QUE INTEG";"00";"Sem informação"
"155910264432025NS000063";"2025NS000063";"01/01/2025";"NS";"Nota de Lançamento de Sistema";"26000";"Ministério da Educação";"26443";"Empresa Brasileira de Serviços Hospitalares";"155910";"HOSPITAL UNIVERSITARIO DE LAGARTO";"26443";"EMPRESA BRASILEIRA DE SERVICOS HOSPITALARES";"05110475000154";"PERLAND PHARMACOS LTDA";"LIQUIDACAO DO DANFE 9585 DO FORNECEDOR PERLAND PHARMACOS LTDA, OPTANTE PELO SIMPLES NACIONAL, CONFORME DOC SEI 44895254 ANEXADO AO PROCESSO 23817.019539/2024-19.";"3";"DESPESAS CORRENTES";"3";"Outras Despesas Correntes";"90";"Aplicações Diretas";"30";"Material de Consumo";"000I";"CUSTEIO DE SERVICOS PRESTADOS PELOS HOSPITAIS UNIVERSITARIOS FEDERAIS, NO AMBITO DO PROGRAMA NACIONAL DE QUALIFICACAO E AMPLIACAO DOS SERVICOS PRESTADOS POR HOSPITAIS UNIVERSITARIOS FEDERAIS QUE INTEG";"00";"Sem informação"
"155910264432025NS000013";"2025NS000013";"01/01/2025";"NS";"Nota de Lançamento de Sistema";"26000";"Ministério da Educação";"26443";"Empresa Brasileira de Serviços Hospitalares";"155910";"HOSPITAL UNIVERSITARIO DE LAGARTO";"26443";"EMPRESA BRASILEIRA DE SERVICOS HOSPITALARES";"03817043000152";"PHARMAPLUS LTDA";"LIQUIDACAO DO DANFE 74111, DA EMPRESA PHARMAPLUS LTDA, T.F. 5,85, CONFORME DOCUMENTO SEI 45138068 E PROCESSO 23817.020078/2024-27.";"3";"DESPESAS CORRENTES";"3";"Outras Despesas Correntes";"90";"Aplicações Diretas";"30";"Material de Consumo";"000I";"CUSTEIO DE SERVICOS PRESTADOS PELOS HOSPITAIS UNIVERSITARIOS FEDERAIS, NO AMBITO DO PROGRAMA NACIONAL DE QUALIFICACAO E AMPLIACAO DOS SERVICOS PRESTADOS POR HOSPITAIS UNIVERSITARIOS FEDERAIS QUE INTEG";"00";"Sem informação"
"155910264432025NS000018";"2025NS000018";"01/01/2025";"NS";"Nota de Lançamento de Sistema";"26000";"Ministério da Educação";"26443";"Empresa Brasileira de Serviços Hospitalares";"155910";"HOSPITAL UNIVERSITARIO DE LAGARTO";"26443";"EMPRESA BRASILEIRA DE SERVICOS HOSPITALARES";"01571702000198";"HALEX ISTAR INDUSTRIA FARMACEUTICA SA";"LIQUIDACAO DO DANFE 424677, DA EMPRESA HALEX ISTAR INDUSTRIA FARMACEUTICA S.A, TF 2,2,DOCUMENTO 45237163 E PROCESSO 23817.020329/2024-73.";"3";"DESPESAS CORRENTES";"3";"Outras Despesas Correntes";"90";"Aplicações Diretas";"30";"Material de Consumo";"000I";"CUSTEIO DE SERVICOS PRESTADOS PELOS HOSPITAIS UNIVERSITARIOS FEDERAIS, NO AMBITO DO PROGRAMA NACIONAL DE QUALIFICACAO E AMPLIACAO DOS SERVICOS PRESTADOS POR HOSPITAIS UNIVERSITARIOS FEDERAIS QUE INTEG";"00";"Sem informação"
"155910264432025NS000025";"2025NS000025";"01/01/2025";"NS";"Nota de Lançamento de Sistema";"26000";"Ministério da Educação";"26443";"Empresa Brasileira de Serviços Hospitalares";"155910";"HOSPITAL UNIVERSITARIO DE LAGARTO";"26443";"EMPRESA BRASILEIRA DE SERVICOS HOSPITALARES";"08778201000126";"DROGAFONTE LTDA";"LIQUIDACAO DO DANFE 475537, DA EMPRESA DROGAFONTE LTDA, T.F. 5,85, CONFORME DOCUMENTO SEI 44839563 E PROCESSO 23817.019452/2024-41.";"3";"DESPESAS CORRENTES";"3";"Outras Despesas Correntes";"90";"Aplicações Diretas";"30";"Material de Consumo";"000I";"CUSTEIO DE SERVICOS PRESTADOS PELOS HOSPITAIS UNIVERSITARIOS FEDERAIS, NO AMBITO DO PROGRAMA NACIONAL DE QUALIFICACAO E AMPLIACAO DOS SERVICOS PRESTADOS POR HOSPITAIS UNIVERSITARIOS FEDERAIS QUE INTEG";"00";"Sem informação"
"155910264432025NS000009";"2025NS000009";"01/01/2025";"NS";"Nota de Lançamento de Sistema";"26000";"Ministério da Educação";"26443";"Empresa Brasileira de Serviços Hospitalares";"155910";"HOSPITAL UNIVERSITARIO DE LAGARTO";"26443";"EMPRESA BRASILEIRA DE SERVICOS HOSPITALARES";"08778201000126";"DROGAFONTE LTDA";"LIQUIDACAO DO DANFE 47537 DA EMPRESA DROGAFONTE LTDA, T.F. 5,85, CONFORME DOCUMENTO SEI 44748836 E PROCESSO 23817.019294/2024-20.";"3";"DESPESAS CORRENTES";"3";"Outras Despesas Correntes";"90";"Aplicações Diretas";"30";"Material de Consumo";"000I";"CUSTEIO DE SERVICOS PRESTADOS PELOS HOSPITAIS UNIVERSITARIOS FEDERAIS, NO AMBITO DO PROGRAMA NACIONAL DE QUALIFICACAO E AMPLIACAO DOS SERVICOS PRESTADOS POR HOSPITAIS UNIVERSITARIOS FEDERAIS QUE INTEG";"00";"Sem informação"
"771260000012025NS000012";"2025NS000012";"01/01/2025";"NS";"Nota de Lançamento de Sistema";"52000";"Ministério da Defesa";"52131";"Comando da Marinha";"771260";"DEPOS.DE FARDAMENTO DA MARINHA NO RIO JANEIRO";"00001";"TESOURO NACIONAL";"20739464000121";"EMBRAPEC COMERCIO E DISTRIBUICAO LTDA";"ACEITACAO E APROPRIACAO DE MATERIAL RECEBIDO PARA FORNECIMENTO CONFORME OC 1162091,ND 30-23, E NF 1641 DA EMPRESA EMBRAPEC COMERCIO E DISTRIBUICAO LTDA.";"3";"DESPESAS CORRENTES";"3";"Outras Despesas Correntes";"90";"Aplicações Diretas";"30";"Material de Consumo";"0000";"SUPRIMENTO DE FARDAMENTO";"00";"Sem informação"
"771260000012025NS000013";"2025NS000013";"01/01/2025";"NS";"Nota de Lançamento de Sistema";"52000";"Ministério da Defesa";"52131";"Comando da Marinha";"771260";"DEPOS.DE FARDAMENTO DA MARINHA NO RIO JANEIRO";"00001";"TESOURO NACIONAL";"38425816000130";"PROMIX COMERCIO E SERVICOS LTDA";"ACEITACAO E APROPRIACAO DE MATERIAL RECEBIDO PARA FORNECIMENTO CONFORME OC 1158780,ND 30-23, E NF 1142 DA EMPRESA PROMIX COMERCIO E SERVICOS LTDA";"3";"DESPESAS CORRENTES";"3";"Outras Despesas Correntes";"90";"Aplicações Diretas";"30";"Material de Consumo";"0000";"SUPRIMENTO DE FARDAMENTO";"00";"Sem informação"
"158133264052025NS000056";"2025NS000056";"01/01/2025";"NS";"Nota de Lançamento de Sistema";"26000";"Ministério da Educação";"26405";"Instituto Federal de Educação, Ciência e T";"158133";"INST.FED.DE EDUC.,CIENC.E TEC.DO CEARA";"26405";"INST.FED.DE EDUC.,CIENC.E TEC.DO CEARA";"18945601000132";"READY TECNOLOGIA DA INFORMACAO LTDA.";"PGTO DO(S) INSTR.(S) DE COBRANCA(S) NUM.(S): 5695, CONTRATO Nº: 00031/2024 - 18.945.601/0001-32 - READY TECNOLOGIA DA INFORMACAO LTDA., PROC.(S) NUM.(S): 23255.003443/2024-41, DO(S) FORNECIMENTO(S)/SERVICO(S) PRESTADO(S) AO(S) MES(ES): 11/2024.";"3";"DESPESAS CORRENTES";"3";"Outras Despesas Correntes";"90";"Aplicações Diretas";"40";"Serviços de Tecnologia da Informação e Com";"0000";"FUNCIONAMENTO DAS INSTITUICOES DA REDE FEDERAL DE EDUCACAO PROFISSIONAL, CIENTIFICA E TECNOLOGICA";"00";"Sem informação"
"158133264052025NS000123";"2025NS000123";"01/01/2025";"NS";"Nota de Lançamento de Sistema";"26000";"Ministério da Educação";"26405";"Instituto Federal de Educação, Ciência e T";"158133";"INST.FED.DE EDUC.,CIENC.E TEC.DO CEARA";"26405";"INST.FED.DE EDUC.,CIENC.E TEC.DO CEARA";"34727415000183";"C R E SERVICOS E REPRESENTACAO COMERCIAL LTDA";"PGTO DO(S) INSTR.(S) DE COBRANCA(S) NUM.(S): 1000255, CONTRATO Nº: 00029/2024 - 34.727.415/0001-83 - C R E SERVICOS E REPRESENTACAO COMERCIAL LTDA, PROC.(S) NUM.(S): 23255.000039/2023-35, DO(S) FORNECIMENTO(S)/SERVICO(S) PRESTADO(S) AO(S) MES(ES): 10/2024.";"3";"DESPESAS CORRENTES";"3";"Outras Despesas Correntes";"90";"Aplicações Diretas";"37";"Locação de Mão-de-Obra";"0000";"FUNCIONAMENTO DAS INSTITUICOES DA REDE FEDERAL DE EDUCACAO PROFISSIONAL, CIENTIFICA E TECNOLOGICA";"00";"Sem informação"
"158133264052025NS000178";"2025NS000178";"01/01/2025";"NS";"Nota de Lançamento de Sistema";"26000";"Ministério da Educação";"26405";"Instituto Federal de Educação, Ciência e T";"158133";"INST.FED.DE EDUC.,CIENC.E TEC.DO CEARA";"26405";"INST.FED.DE EDUC.,CIENC.E TEC.DO CEARA";"61600839000155";"CENTRO DE INTEGRACAO EMPRESA ESCOLA CIE E";"PGTO DO(S) INSTR.(S) DE COBRANCA(S) NUM.(S): 132996, CONTRATO Nº: 00044/2021 - 61.600.839/0001-55 - CENTRO DE INTEGRACAO EMPRESA ESCOLA CIE E, PROC.(S) NUM.(S): 23255.006343/2020-43, DO(S) FORNECIMENTO(S)/SERVICO(S) PRESTADO(S) AO(S) MES(ES): 12/2024.";"3";"DESPESAS CORRENTES";"3";"Outras Despesas Correntes";"90";"Aplicações Diretas";"39";"Outros Serviços de Terceiros - Pessoa Juríd";"0000";"FUNCIONAMENTO DAS INSTITUICOES DA REDE FEDERAL DE EDUCACAO PROFISSIONAL, CIENTIFICA E TECNOLOGICA";"00";"Sem informação"
"158133264052025NS000206";"2025NS000206";"01/01/2025";"NS";"Nota de Lançamento de Sistema";"26000";"Ministério da Educação";"26405";"Instituto Federal de Educação, Ciência e T";"158133";"INST.FED.DE EDUC.,CIENC.E TEC.DO CEARA";"26405";"INST.FED.DE EDUC.,CIENC.E TEC.DO CEARA";"07040108000157";"COMPANHIA DE AGUA E ESGOTO DO CEARA CAGECE";"PGTO DO(S) INSTR.(S) DE COBRANCA(S) NUM.(S): 12/2024, CONTRATO Nº: 00074/2016 - 07.040.108/0001-57 - COMPANHIA DE AGUA E ESGOTO DO CEARA CAGECE, PROC.(S) NUM.(S): 23255.025241/2016-41, DO(S) FORNECIMENTO(S)/SERVICO(S) PRESTADO(S) AO(S) MES(ES): 12/2024.";"3";"DESPESAS CORRENTES";"3";"Outras Despesas Correntes";"90";"Aplicações Diretas";"39";"Outros Serviços de Terceiros - Pessoa Juríd";"0000";"FUNCIONAMENTO DAS INSTITUICOES DA REDE FEDERAL DE EDUCACAO PROFISSIONAL, CIENTIFICA E TECNOLOGICA";"00";"Sem informação"
"158133264052025NS000101";"2025NS000101";"01/01/2025";"NS";"Nota de Lançamento de Sistema";"26000";"Ministério da Educação";"26405";"Instituto Federal de Educação, Ciência e T";"158133";"INST.FED.DE EDUC.,CIENC.E TEC.DO CEARA";"26405";"INST.FED.DE EDUC.,CIENC.E TEC.DO CEARA";"05340639000130";"PRIME CONSULTORIA E ASSESSORIA EMPRESARIAL LTDA";"PGTO DO(S) INSTR.(S) DE COBRANCA(S) NUM.(S): 2684032, CONTRATO Nº: 00057/2023 - 05.340.639/0001-30 - PRIME CONSULTORIA E ASSESSORIA EMPRESARIAL LTDA, PROC.(S) NUM.(S): 23255.000146/2025-25, DO(S) FORNECIMENTO(S)/SERVICO(S) PRESTADO(S) AO(S) MES(ES): 12/2024.";"3";"DESPESAS CORRENTES";"3";"Outras Despesas Correntes";"90";"Aplicações Diretas";"39";"Outros Serviços de Terceiros - Pessoa Juríd";"0000";"FUNCIONAMENTO DAS INSTITUICOES DA REDE FEDERAL DE EDUCACAO PROFISSIONAL, CIENTIFICA E TECNOLOGICA";"00";"Sem informação"
"158133264052025NS000102";"2025NS000102";"01/01/2025";"NS";"Nota de Lançamento de Sistema";"26000";"Ministério da Educação";"26405";"Instituto Federal de Educação, Ciência e T";"158133";"INST.FED.DE EDUC.,CIENC.E TEC.DO CEARA";"26405";"INST.FED.DE EDUC.,CIENC.E TEC.DO CEARA";"05340639000130";"PRIME CONSULTORIA E ASSESSORIA EMPRESARIAL LTDA";"PGTO DO(S) INSTR.(S) DE COBRANCA(S) NUM.(S): 2684033, CONTRATO Nº: 00057/2023 - 05.340.639/0001-30 - PRIME CONSULTORIA E ASSESSORIA EMPRESARIAL LTDA, PROC.(S) NUM.(S): 23255.000146/2025-25, DO(S) FORNECIMENTO(S)/SERVICO(S) PRESTADO(S) AO(S) MES(ES): 12/2024.";"3";"DESPESAS CORRENTES";"3";"Outras Despesas Correntes";"90";"Aplicações Diretas";"39";"Outros Serviços de Terceiros - Pessoa Juríd";"0000";"FUNCIONAMENTO DAS INSTITUICOES DA REDE FEDERAL DE EDUCACAO PROFISSIONAL, CIENTIFICA E TECNOLOGICA";"00";"Sem informação"
"366003362102025NS011489";"2025NS011489";"01/01/2025";"NS";"Nota de Lançamento de Sistema";"36000";"Ministério da Saúde";"36210";"Hospital Nossa Senhora da Conceição S.A.";"366003";"HOSPITAL NOSSA SENHORA DA CONCEICAO S/A";"36210";"HOSPITAL NOSSA SENHORA DA CONCEICAO S/A";"92924901000198";"PORTO ALEGRE DEPARTAMENTO MUNICIPAL DE AGUAS E ESGOTOS";"VLR. CONTA DE DMAE N 2024122738406 RUA ARARUAMA, 487 RM 2738406 REF JANEIRO/2025 CONSUMO 682 M3 FLUXO 4063768";"3";"DESPESAS CORRENTES";"3";"Outras Despesas Correntes";"90";"Aplicações Diretas";"39";"Outros Serviços de Terceiros - Pessoa Juríd";"0003";"CUSTEIO DAS UNIDADES DO GRUPO HOSPITALAR CONCEICAO";"00";"Sem informação"
"275060272082025NS000919";"2025NS000919";"01/01/2025";"NS";"Nota de Lançamento de Sistema";"56000";"Ministério das Cidades";"29205";"Empresa de Trens Urbanos de Porto Alegre";"275060";"EMPRESA DE TRENS URBANOS DE PORTO ALEGRE S/A";"27208";"EMPRESA DE TRENS URBANOS DE PORTO ALEGRE S/A";"16733460000169";"BRITAGEM MONTENEGRO LTDA";"NF 57619 - BRITAGEM MONTENEGRO LTDA?OC - 49080";"3";"DESPESAS CORRENTES";"3";"Outras Despesas Correntes";"90";"Aplicações Diretas";"30";"Material de Consumo";"CP10";"CALAMIDADE PUBLICA - MEDIDA PROVISORIA N. 1.218, DE 11 DE MAIO DE 2024 - REESTABELECIMENTO DAS OPERACOES";"00";"Sem informação"
"135396222112025NS000006";"2025NS000006";"01/01/2025";"NS";"Nota de Lançamento de Sistema";"49000";"Ministério do Desenvolvimento Agrário e Agr";"22211";"Companhia Nacional de Abastecimento";"135396";"UA/ROLANDIA";"22211";"COMPANHIA NACIONAL DE ABASTECIMENTO";"78298155000143";"SIND DOS TRAB NA MOV DE MERC EM GERAL DO ROLANDIA";"DESPESAS COM RECOLHIMENTO DO INSS REFERENTE SERVICOS DE BRACAGEM MES DE DEZEMBRO/2024 - PROCESSO 21210.000231/2020-70";"3";"DESPESAS CORRENTES";"3";"Outras Despesas Correntes";"90";"Aplicações Diretas";"39";"Outros Serviços de Terceiros - Pessoa Juríd";"0001";"COORDENACAO E GESTAO DO ABASTECIMENTO AGROALIMENTAR";"00";"Sem informação"
"152144264282025NS000008";"2025NS000008";"01/01/2025";"NS";"Nota de Lançamento de Sistema";"26000";"Ministério da Educação";"26428";"Instituto Federal de Educação, Ciência e T";"152144";"IFB - CAMPUS SAO SEBASTIAO";"26428";"INST.FED.DE EDUC.,CIENC.E TEC.DE BRASILIA";"05340639000130";"PRIME CONSULTORIA E ASSESSORIA EMPRESARIAL LTDA";"PGTO DO(S) INSTR.(S) DE COBRANCA(S) NUM.(S): 2267260, CONTRATO Nº: 00023/2024 - 05.340.639/0001-30 - PRIME CONSULTORIA E ASSESSORIA EMPRESARIAL LTDA, PROC.(S) NUM.(S): 23512.000022/2025-61, DO(S) FORNECIMENTO(S)/SERVICO(S) PRESTADO(S) AO(S) MES(ES): 12/2024 - MANUTENCAO.";"3";"DESPESAS CORRENTES";"3";"Outras Despesas Correntes";"90";"Aplicações Diretas";"39";"Outros Serviços de Terceiros - Pessoa Juríd";"0000";"FUNCIONAMENTO DAS INSTITUICOES DA REDE FEDERAL DE EDUCACAO PROFISSIONAL, CIENTIFICA E TECNOLOGICA - DESPESAS DIVERSAS";"00";"Sem informação"
"135345222112025NS000158";"2025NS000158";"01/01/2025";"NS";"Nota de Lançamento de Sistema";"49000";"Ministério do Desenvolvimento Agrário e Agr";"22211";"Companhia Nacional de Abastecimento";"135345";"CONAB SEDE/SUREG PI";"22211";"COMPANHIA NACIONAL DE ABASTECIMENTO";"28450642000101";"MARIA DE JESUS EULALIO EUGENIO";"SEI/21220.001403/2021-94, PAGAMENTO NFS-E Nº.273, REFERENTE SERVICOS ODONTOLOGICOS PRESTADOS AOS TITULARES E DEPENDENTES TIPICOS DA SUREG - PI E UNIDADES, COMPETENCIA JANEIRO/2025.";"3";"DESPESAS CORRENTES";"3";"Outras Despesas Correntes";"90";"Aplicações Diretas";"39";"Outros Serviços de Terceiros - Pessoa Juríd";"0001";"ASSISTENCIA MEDICA E ODONTOLOGICA DE CIVIS - COMPLEMENTACAO DA UNIAO";"00";"Sem informação"
"135345222112025NS000159";"2025NS000159";"01/01/2025";"NS";"Nota de Lançamento de Sistema";"49000";"Ministério do Desenvolvimento Agrário e Agr";"22211";"Companhia Nacional de Abastecimento";"135345";"CONAB SEDE/SUREG PI";"22211";"COMPANHIA NACIONAL DE ABASTECIMENTO";"04154429000194";"SORRISO ODONTOCLINICA S/S LTDA";"21220.000635/2020-44: NFS-E 3078 - GP/ 20250129121415093: REALIZACAO DE PROCEDIMENTOS ODONTOLOGICOS DIVERSOS PELOS EMPREGADOS DA SUREG-PI.";"3";"DESPESAS CORRENTES";"3";"Outras Despesas Correntes";"90";"Aplicações Diretas";"39";"Outros Serviços de Terceiros - Pessoa Juríd";"0001";"ASSISTENCIA MEDICA E ODONTOLOGICA DE CIVIS - COMPLEMENTACAO DA UNIAO";"00";"Sem informação"
"240003000012025NS000049";"2025NS000049";"01/01/2025";"NS";"Nota de Lançamento de Sistema";"35000";"Ministério das Relações Exteriores";"35000";"Ministério das Relações Exteriores - Unida";"240003";"MRE - ESCRITORIO DE RPRES.NO RIO DE JANEIRO";"00001";"TESOURO NACIONAL";"07859723000190";"CERTVS SOLUCOES INTEGRADAS LTDA";"PGTO DO(S) INSTR.(S) DE COBRANCA(S) NUM.(S): 1546, CONTRATO Nº: 2024NE000011 - 07.859.723/0001-90 - CERTVS SOLUCOES INTEGRADAS LTDA, PROC.(S) NUM.(S): 09003.000094/2023-66, DO(S) FORNECIMENTO(S)/SERVICO(S) PRESTADO(S) AO(S) MES(ES): 06 A 10/2024.";"3";"DESPESAS CORRENTES";"3";"Outras Despesas Correntes";"90";"Aplicações Diretas";"37";"Locação de Mão-de-Obra";"000E";"FUNCIONAMENTO DOS ESCRITORIOS REGIONAIS";"00";"Sem informação"
"240003000012025NS000004";"2025NS000004";"01/01/2025";"NS";"Nota de Lançamento de Sistema";"35000";"Ministério das Relações Exteriores";"35000";"Ministério das Relações Exteriores - Unida";"240003";"MRE - ESCRITORIO DE RPRES.NO RIO DE JANEIRO";"00001";"TESOURO NACIONAL";"03828805000116";"RIOPRO INFORMATICA LTDA";"PGTO DO(S) INSTR.(S) DE COBRANCA(S) NUM.(S): 7453, CONTRATO Nº: 2024NE000035 - 03.828.805/0001-16 - RIOPRO INFORMATICA LTDA, PROC.(S) NUM.(S): 09003.200036/2024-11, DO(S) FORNECIMENTO(S)/SERVICO(S) PRESTADO(S) AO(S) MES(ES): 12/2024.";"3";"DESPESAS CORRENTES";"3";"Outras Despesas Correntes";"90";"Aplicações Diretas";"39";"Outros Serviços de Terceiros - Pessoa Juríd";"000E";"FUNCIONAMENTO DOS ESCRITORIOS REGIONAIS";"00";"Sem informação"
"240003000012025NS000019";"2025NS000019";"01/01/2025";"NS";"Nota de Lançamento de Sistema";"35000";"Ministério das Relações Exteriores";"35000";"Ministério das Relações Exteriores - Unida";"240003";"MRE - ESCRITORIO DE RPRES.NO RIO DE JANEIRO";"00001";"TESOURO NACIONAL";"03743154000161";"UNIDAS MINERACAO, INDUSTRIA E COMERCIO LTDA";"PGTO DO(S) INSTR.(S) DE COBRANCA(S) NUM.(S): 53553, CONTRATO Nº: 2024NE000001 - 03.743.154/0001-61 - UNIDAS MINERACAO, INDUSTRIA E COMERCIO LTDA, PROC.(S) NUM.(S): 09003.200006/2024-13, DO(S) FORNECIMENTO(S)/SERVICO(S) PRESTADO(S) AO(S) MES(ES): 12/2024.";"3";"DESPESAS CORRENTES";"3";"Outras Despesas Correntes";"90";"Aplicações Diretas";"30";"Material de Consumo";"000E";"FUNCIONAMENTO DOS ESCRITORIOS REGIONAIS";"00";"Sem informação"
"240003000012025NS000009";"2025NS000009";"01/01/2025";"NS";"Nota de Lançamento de Sistema";"35000";"Ministério das Relações Exteriores";"35000";"Ministério das Relações Exteriores - Unida";"240003";"MRE - ESCRITORIO DE RPRES.NO RIO DE JANEIRO";"00001";"TESOURO NACIONAL";"28912970000182";"ADEMIR DE OLIVEIRA TEIXEIRA";"PGTO DO(S) INSTR.(S) DE COBRANCA(S) NUM.(S): 11068, CONTRATO Nº: 2024NE000137 - 28.912.970/0001-82 - ADEMIR DE OLIVEIRA TEIXEIRA, PROC.(S) NUM.(S): 09003.200047/2024-00, DO(S) FORNECIMENTO(S)/SERVICO(S) PRESTADO(S) AO(S) MES(ES): 12/2024.";"3";"DESPESAS CORRENTES";"3";"Outras Despesas Correntes";"90";"Aplicações Diretas";"39";"Outros Serviços de Terceiros - Pessoa Juríd";"000E";"FUNCIONAMENTO DOS ESCRITORIOS REGIONAIS";"00";"Sem informação"
"240003000012025NS000020";"2025NS000020";"01/01/2025";"NS";"Nota de Lançamento de Sistema";"35000";"Ministério das Relações Exteriores";"35000";"Ministério das Relações Exteriores - Unida";"240003";"MRE - ESCRITORIO DE RPRES.NO RIO DE JANEIRO";"00001";"TESOURO NACIONAL";"00821459000156";"POSTO DE GASOLINA E GARAGEM ECHEVERRIA LTDA";"PGTO DO(S) INSTR.(S) DE COBRANCA(S) NUM.(S): 3748/55, 3960/83, CONTRATO Nº: 2024NE000025 - 00.821.459/0001-56 - POSTO DE GASOLINA E GARAGEM ECHEVERRIA LTDA, PROC.(S) NUM.(S): 09003.200027/2024-21, DO(S) FORNECIMENTO(S)/SERVICO(S) PRESTADO(S) AO(S) MES(ES): 12/2024.";"3";"DESPESAS CORRENTES";"3";"Outras Despesas Correntes";"90";"Aplicações Diretas";"30";"Material de Consumo";"000E";"FUNCIONAMENTO DOS ESCRITORIOS REGIONAIS";"00";"Sem informação"
"240003000012025NS000005";"2025NS000005";"01/01/2025";"NS";"Nota de Lançamento de Sistema";"35000";"Ministério das Relações Exteriores";"35000";"Ministério das Relações Exteriores - Unida";"240003";"MRE - ESCRITORIO DE RPRES.NO RIO DE JANEIRO";"00001";"TESOURO NACIONAL";"46220369000291";"D-SAAS TECNOLOGIA EM DESENVOLVIMENTO DE SOFTWARE LTDA";"PGTO DO(S) INSTR.(S) DE COBRANCA(S) NUM.(S): 4092, CONTRATO Nº: 2024NE000193 - 46.220.369/0002-91 - D-SAAS TECNOLOGIA EM DESENVOLVIMENTO DE SOFTWARE LTDA, PROC.(S) NUM.(S): 09003.200009/2202-44, DO(S) FORNECIMENTO(S)/SERVICO(S) PRESTADO(S) AO(S) MES(ES): 01/2025.";"3";"DESPESAS CORRENTES";"3";"Outras Despesas Correntes";"90";"Aplicações Diretas";"40";"Serviços de Tecnologia da Informação e Com";"000E";"FUNCIONAMENTO DOS ESCRITORIOS REGIONAIS";"00";"Sem informação"
"240003000012025NS000043";"2025NS000043";"01/01/2025";"NS";"Nota de Lançamento de Sistema";"35000";"Ministério das Relações Exteriores";"35000";"Ministério das Relações Exteriores - Unida";"240003";"MRE - ESCRITORIO DE RPRES.NO RIO DE JANEIRO";"00001";"TESOURO NACIONAL";"14932346000132";"VALOR EMPRESA DE SERVICOS LTDA";"PGTO DO(S) INSTR.(S) DE COBRANCA(S) NUM.(S): 3789, CONTRATO Nº: 00011/2022 - 14.932.346/0001-32 - VALOR EMPRESA DE SERVICOS LTDA, PROC.(S) NUM.(S): 09003.000045/2022-42, DO(S) FORNECIMENTO(S)/SERVICO(S) PRESTADO(S) AO(S) MES(ES): 12/2024.";"3";"DESPESAS CORRENTES";"3";"Outras Despesas Correntes";"90";"Aplicações Diretas";"37";"Locação de Mão-de-Obra";"000E";"FUNCIONAMENTO DOS ESCRITORIOS REGIONAIS";"00";"Sem informação"
"240003000012025NS000045";"2025NS000045";"01/01/2025";"NS";"Nota de Lançamento de Sistema";"35000";"Ministério das Relações Exteriores";"35000";"Ministério das Relações Exteriores - Unida";"240003";"MRE - ESCRITORIO DE RPRES.NO RIO DE JANEIRO";"00001";"TESOURO NACIONAL";"14932346000132";"VALOR EMPRESA DE SERVICOS LTDA";"PGTO DO(S) INSTR.(S) DE COBRANCA(S) NUM.(S): 3788, CONTRATO Nº: 00015/2022 - 14.932.346/0001-32 - VALOR EMPRESA DE SERVICOS LTDA, PROC.(S) NUM.(S): 09003.000024/2022-27, DO(S) FORNECIMENTO(S)/SERVICO(S) PRESTADO(S) AO(S) MES(ES): 12/2024.";"3";"DESPESAS CORRENTES";"3";"Outras Despesas Correntes";"90";"Aplicações Diretas";"37";"Locação de Mão-de-Obra";"000E";"FUNCIONAMENTO DOS ESCRITORIOS REGIONAIS";"00";"Sem informação"
"240003000012025NS000014";"2025NS000014";"01/01/2025";"NS";"Nota de Lançamento de Sistema";"35000";"Ministério das Relações Exteriores";"35000";"Ministério das Relações Exteriores - Unida";"240003";"MRE - ESCRITORIO DE RPRES.NO RIO DE JANEIRO";"00001";"TESOURO NACIONAL";"02558157000162";"TELEFONICA BRASIL S.A.";"PGTO DO(S) INSTR.(S) DE COBRANCA(S) NUM.(S): 1923575969-0, CONTRATO Nº: 2024NE000135 - 02.558.157/0001-62 - TELEFONICA BRASIL S.A., PROC.(S) NUM.(S): 09003.200014/2024-51, DO(S) FORNECIMENTO(S)/SERVICO(S) PRESTADO(S) AO(S) MES(ES): 12/2024.";"3";"DESPESAS CORRENTES";"3";"Outras Despesas Correntes";"90";"Aplicações Diretas";"39";"Outros Serviços de Terceiros - Pessoa Juríd";"000E";"FUNCIONAMENTO DOS ESCRITORIOS REGIONAIS";"00";"Sem informação"
"240003000012025NS000018";"2025NS000018";"01/01/2025";"NS";"Nota de Lançamento de Sistema";"35000";"Ministério das Relações Exteriores";"35000";"Ministério das Relações Exteriores - Unida";"240003";"MRE - ESCRITORIO DE RPRES.NO RIO DE JANEIRO";"00001";"TESOURO NACIONAL";"02558157000162";"TELEFONICA BRASIL S.A.";"PGTO DO(S) INSTR.(S) DE COBRANCA(S) NUM.(S): 61537726/12/2024, CONTRATO Nº: 2024NE000005 - 02.558.157/0001-62 - TELEFONICA BRASIL S.A., PROC.(S) NUM.(S): 09000.320010/1202-45, DO(S) FORNECIMENTO(S)/SERVICO(S) PRESTADO(S) AO(S) MES(ES): 11/2024.";"3";"DESPESAS CORRENTES";"3";"Outras Despesas Correntes";"90";"Aplicações Diretas";"40";"Serviços de Tecnologia da Informação e Com";"000E";"FUNCIONAMENTO DOS ESCRITORIOS REGIONAIS";"00";"Sem informação"
"240003000012025NS000137";"2025NS000137";"01/01/2025";"NS";"Nota de Lançamento de Sistema";"35000";"Ministério das Relações Exteriores";"35000";"Ministério das Relações Exteriores - Unida";"240003";"MRE - ESCRITORIO DE RPRES.NO RIO DE JANEIRO";"00001";"TESOURO NACIONAL";"05361556000127";"VEGA TECNOLOGIA EM SEGURANCA LTDA";"PGTO DO(S) INSTR.(S) DE COBRANCA(S) NUM.(S): 809, CONTRATO Nº: 2024NE000136 - 05.361.556/0001-27 - VEGA TECNOLOGIA EM SEGURANCA LTDA, PROC.(S) NUM.(S): 09003.000057/2023-58, DO(S) FORNECIMENTO(S)/SERVICO(S) PRESTADO(S) AO(S) MES(ES): 01/2025.";"3";"DESPESAS CORRENTES";"3";"Outras Despesas Correntes";"90";"Aplicações Diretas";"39";"Outros Serviços de Terceiros - Pessoa Juríd";"000E";"FUNCIONAMENTO DOS ESCRITORIOS REGIONAIS";"00";"Sem informação"
"170347000012025NS000012";"2025NS000012";"01/01/2025";"NS";"Nota de Lançamento de Sistema";"46000";"Ministério da Gestão e da Inovação em Ser";"46000";"Ministério da Gestão e da Inovação em Ser";"170347";"SUPERINTENDENCIA REG. ADM. DO MGI - RORAIMA";"00001";"TESOURO NACIONAL";"03397088000115";"ITAMAR C. DA SILVA";"PAGAMENTO DA NF: 2514, CONTRATO 12/2020, ITAMAR C. DA SILVA, CNPJ 03.397.088/0001-15, SERVICO DE MANUTENCAO PREVENTIVA E CORRETIVA NOS EQUIPAMENTOS DE AR-CONDICIONADO, NA CGU/RR, MES: 12/2024, PROC. SEI: 17166.000273/2024-40.";"3";"DESPESAS CORRENTES";"3";"Outras Despesas Correntes";"90";"Aplicações Diretas";"39";"Outros Serviços de Terceiros - Pessoa Juríd";"2000";"DESPESAS ADMINISTRATIVAS";"00";"Sem informação"
"170347000012025NS000001";"2025NS000001";"01/01/2025";"NS";"Nota de Lançamento de Sistema";"46000";"Ministério da Gestão e da Inovação em Ser";"46000";"Ministério da Gestão e da Inovação em Ser";"170347";"SUPERINTENDENCIA REG. ADM. DO MGI - RORAIMA";"00001";"TESOURO NACIONAL";"51961091000162";"AGUIAR E SOARES LTDA";"PAGAMENTO DA NF: 80, CONTRATO TIPO EMPENHO 2024NE400165, CNPJ: 51.961.091/0001-62, AGUIAR E SOARES LTDA, MATERIAIS DE CONSUMO (AGUA MINERAL) PARA ATENDER A CGU/RR, MES: 12/2024, PROC. SEI: 17166.000227/2024-41.";"3";"DESPESAS CORRENTES";"3";"Outras Despesas Correntes";"90";"Aplicações Diretas";"30";"Material de Consumo";"2000";"DESPESAS ADMINISTRATIVAS";"00";"Sem informação"
"275075272112025NS000038";"2025NS000038";"01/01/2025";"NS";"Nota de Lançamento de Sistema";"39000";"Ministério dos Transportes";"29209";"VALEC Engenharia, Construções e Ferrovias S";"275075";"VALEC ENGENHARIA, CONSTRUCOES E FERROVIAS S.A";"27211";"VALEC-ENGENHARIA,CONSTRUCOES E FERROVIAS S/A";"17895646000187";"UBER DO BRASIL TECNOLOGIA LTDA.";"DLC/0018/2025/SUADM, SEI 9249369 - PRESTACAO DE SERVICOS DE INTERMEDIACAO DE TRASNPORTE PRIVADO DE PASSAGEIROS POR MEIO DE PLATAFORMA DE TECNOLOGIA QUE PERMITA A GESTAO E OPERACAO DA SOLICITACAO DE TRANSPORTE TERRESTRE SOB DEMANDA, PARA ATENDER AS NECESSIDADES DA INFRA S.A - COMPETENCIA DEZEMBRO/2024 - TERMO DE ADESAO 01/2020 AO CREDENCIAMENTO 02/2019 - BOLETO 7163ED, N/N 0135234877 033 - NOTA DE DEBITO 7163ED - UBER DO BRASIL TECNOLOGIA LTDA.";"3";"DESPESAS CORRENTES";"3";"Outras Despesas Correntes";"90";"Aplicações Diretas";"33";"Passagens e Despesas com Locomoção";"0004";"ADMINISTRACAO SEDE";"00";"Sem informação"
"200006000012025NS000009";"2025NS000009";"01/01/2025";"NS";"Nota de Lançamento de Sistema";"30000";"Ministério da Justiça e Segurança Pública";"30000";"Ministério da Justiça e Segurança Pública";"200006";"COORDENACAO-GERAL DE GESTAO DE PESSOAS-CGGP";"00001";"TESOURO NACIONAL";"200006";"COORDENACAO-GERAL DE GESTAO DE PESSOAS-CGGP";"FOPAG DEZEMBRO 2024";"3";"DESPESAS CORRENTES";"1";"Pessoal e Encargos Sociais";"91";"Aplicação Direta Decorrente de Operação entre Órgãos, Fundos e Entidades Integrantes dos Orçamentos Fiscal e da Seguridade Social";"13";"Obrigações Patronais";"0000";"ATIVOS CIVIS DA UNIAO";"00";"Sem informação"
"393001392502025NS000945";"2025NS000945";"01/01/2025";"NS";"Nota de Lançamento de Sistema";"39000";"Ministério dos Transportes";"39250";"Agência Nacional de Transportes Terrestres";"393001";"AGENCIA NACIONAL DE TRANSPORTES TERRESTRES";"39250";"AGENCIA NACIONAL DE TRANSPORTES TERRESTRES";"40432544000147";"CLARO S.A.";"PGTO DO(S) INSTR.(S) DE COBRANCA(S) NUM.(S): 25/01/20002356-5, CONTRATO Nº: 00035/2021 - 40.432.544/0001-47 - CLARO S.A., PROC.(S) NUM.(S): 50500.000764/2025-07, DO(S) FORNECIMENTO(S)/SERVICO(S) PRESTADO(S) AO(S) MES(ES): 12/2024.";"3";"DESPESAS CORRENTES";"3";"Outras Despesas Correntes";"90";"Aplicações Diretas";"39";"Outros Serviços de Terceiros - Pessoa Juríd";"0002";"OUTRAS DESPESAS ADMINISTRATIVAS";"00";"Sem informação"
"764000000012025NS000001";"2025NS000001";"01/01/2025";"NS";"Nota de Lançamento de Sistema";"52000";"Ministério da Defesa";"52131";"Comando da Marinha";"764000";"DIRETORIA DO PESSOAL DA MARINHA";"00001";"TESOURO NACIONAL";"47292532000103";"HOPE RIO DISTRIBUIDORA LTDA";"LIQUIDACAO DA DANFE Nº 416, DA EMPRESA HOPE RIO DISTRIBUIDORA LTDA, REF MATERIAL PARA DIVULGACAO, REF JAN2025.";"3";"DESPESAS CORRENTES";"3";"Outras Despesas Correntes";"90";"Aplicações Diretas";"30";"Material de Consumo";"0001";"MANUTENCAO GERAL";"00";"Sem informação"
"764000000012025NS000002";"2025NS000002";"01/01/2025";"NS";"Nota de Lançamento de Sistema";"52000";"Ministério da Defesa";"52131";"Comando da Marinha";"764000";"DIRETORIA DO PESSOAL DA MARINHA";"00001";"TESOURO NACIONAL";"30306579000186";"CSTEC COMERCIO DE MATERIAIS LTDA";"LIQUIDACAO DA DANFE Nº 448, DA EMPRESA CSTEC COMERCIO DE MATERIAIS LTDA, REF FERRAMENTAS, REF JAN2025.";"3";"DESPESAS CORRENTES";"3";"Outras Despesas Correntes";"90";"Aplicações Diretas";"30";"Material de Consumo";"0001";"MANUTENCAO GERAL";"00";"Sem informação"
